"Paper_id","citation","citation_short"
1,"Olson, K.R., Ebelhar, S.A. & Lang, J.M. (2010). Cover crop diversity synthesis. Soil Science, 175(2): 89-98. DOI: 10.1097/SS.0b013e3181cf7959","Olson et al. (2010)"
2,"Kaspar, T.C., Jaynes, D.B., Parkin, T.B., Moorman, T.B. & Singer, J.W.  (2012). Effectiveness of oat and rye cover crops in reducing nitrate losses in drainage water. Agricultural Water Management, 110: 25-33. DOI: 10.1016/j.agwat.2012.03.010","Kaspar et al. (2012)"
3,"Grebliunas, B.D., Armstrong, S.D. & Perry W.L. (2016). Changes in water-extractable organic carbon with cover crop planting under continuous corn silage production. Air, Soil and Water Research, 9: 45-54. DOI: 10.4137/ASWR.S30708","Grebliunas et al. (2016)"
4,"Welch, R.Y., Behnke, G.D., Davis, A.S., Masiunas, J. & Villamil, M.B. (2016). Using cover crops in headlands of organic grain farms: Effects on soil properties, weeds and crop yields. Agriculture, Ecosystems and Environment, 216: 322-332. DOI: 10.1016/j.agee.2015.10.014","Welch et al. (2016)"
5,"Loux, M.M., Dobbels, A.F., Bradley, K.W., Johnson, W.G., Young, B.G., Spaunhorst, D.J., Norsworthy, J.K., Palhano, M. & Steckel, L.E. (2017). Influence of cover crops on management of Amaranthus Species in glyphosate- and glufosinate-resistant soybean. Weed Technology, 31: 487-495. DOI: 10.1017/wet.2017.30","Loux et al. (2017)"
6,"Johnson, G.A., Defelice, M.S. & Helsel, Z.R. (1993). Cover crop management and weed control in Corn (Zea mays). Weed Technology, 7(2): 425-430. DOI: 10.1017/S0890037X00027834","Johnson et al. (1993)"
7,"Jarecki, M.K., Parkin, T.B., Chan, A.S.L., Kaspar, T.C., Moorman, T.B., Singer, J.W., Kerr, B.J., Hatfield, J.L. & Jones, R.  (2009). Cover crop effects on nitrous oxide emission from a manure-treated Mollisol. Agriculture, Ecosystems and Environment, 134: 29-35. DOI: 10.1016/j.agee.2009.05.008","Jarecki et al. (2009)"
8,"Mock, V.A., Creech, J.E., Ferris, V.R., Faghihi, J., Westphal, A., Santini, J.B. & Johnson, W.G. (2012). Influence of winter annual weed management and crop rotation on soybean cyst nematode (Heterodera glycines) and winter annual weeds: Years four and five. Weed Science, 60: 634-640. DOI: 10.1614/WS-D-11-00192.1","Mock et al. (2012)"
9,"Hammond, R. B. (1991). Seedcorn maggot (Diptera: Anthomyiidae) populations on Ohio Soybean. Journal of the Kansas Entomological Society, 64(2): 216-220. DOI: http://www.jstor.org/stable/25085273","Hammond (1991)"
10,"Johnson, T.J., Kaspar, T.C., Kohler, K.A., Corak, S.J., & Logsdon, S.D.  (1998). Oat and rye overseeded into soybean as fall cover crops in the upper Midwest. Journal of Soil and Water Conservation, 53(3): 276-279. DOI: Unavailable","Johnson et al. (1998)"
11,"Williams, M.M. II, Mortensen, D.A., & Doran, J.W.  (2000). No-tillage soybean performance in cover crops for weed management in western Corn Belt. Journal of Soil and Water Conservation, 55(1): 79-84. DOI: Unavailable","Williams et al. (2000)"
12,"Rasse, D.P., Ritchie, J.T., Peterson, W.R., Wei, J., & Smucker, A.J.M. (2000). Rye cover crop and nitrogen fertilization effects on nitrate leaching in inbred maize fields. Journal of Environmental Quality, 29(1): 298-304. DOI: 10.2134/jeq2000.00472425002900010037x","Rasse et al. (2000)"
13,"Kaspar, T.C., Radke, J.K, & Laflen, J.M. (2001). Small grain cover crops and wheel traffic effects on infiltration, runoff, and erosion. Journal of Soil and Water Conservation, 56(2): 160-164. DOI: Unavailable","Kaspar et al. (2001)"
14,"Strock, J.S., Porter, P.M., & Russelle, M.P. (2004). Cover cropping to reduce nitrate loss through subsurface drainage in the Northern U.S. Corn Belt. Journal of Environmental Quality, 33(3): 1010-116. DOI: 10.2134/jeq2004.1010","Strock et al. (2004)"
15,"Cambardella, C.A., Moorman, T.B., & Singer, J.W.  (2010). Soil nitrogen response to coupling cover crops with manure injection. Nutrient Cycling in Agroecosystems, 87: 383-393. DOI: 10.1007/s10705-010-9345-9","Cambardella et al. (2010)"
16,"Lundgren, J.G, & Fergen, J.K (2010). The effects of a winter cover crop on Diabrotica virgifera (Coleoptera: Chrysomelidae) populations and beneficial arthropod communities in no-till maize. Environmental Entomology, 39(6): 1816-1828. DOI: 10.1603/EN10041","Lundgren & Fergen (2010)"
17,"Qi, Z., Helmers, M.J., Kaleita, A.L. (2010). Soil water dynamics under various agricultural land covers on a subsurface drained field in north-central Iowa, USA. Agricultural Water Management, 98: 665-674. DOI: 10.1016/j.agwat.2010.11.004","Qi et al. (2010)"
18,"Qi, Z., Helmers, M.J., Christianson, R.D., & Pederson, C.H. (2011). Nitrate-nitrogen losses through subsurface drainage under various agricultural land covers. Journal of Environmental Quality, 40: 1578-1585. DOI: 10.2134/jeq2011.0151","Qi et al. (2011)"
19,"Koch, R.L., Porter, P.M., Harbur, M.M., Abrahamson, M.D., Wyckhuys, K.A.G., Ragsdale, D.W., Buchman, K., Sexen, Z., & Heimpel, G.E. (2012). Response of soybean insects to an autumn-seeded rye cover crop. Environmental Entomology, 41(4): 750-760. DOI: 10.1603/EN11168","Koch et al. (2012)"
20,"Mitchell, D.C., Castellano, M.J., Sawyer, J.E, & Pantoja, J. (2013). Cover crop effects on nitrous oxide emission: Role of mineralizable carbon. Soil Science Society of America Journal, 77: 1765-1773. DOI: 10.2136/sssaj2013.02.0074","Mitchell et al. (2013)"
21,"Krueger, E.S., Baker, J.M., Ochsner, T.E., Wente, C.D., Feyereisen, G.W. & Reicosky, D.C. (2013). On-farm environmental assessment of corn silage production systems receiving liquid dairy manure. Journal of Soil and Water Conservation, 68(6): 438-449. DOI: 10.2489/jswc.68.6.438","Krueger et al. (2013)"
22,"Silva, E.M. (2014). Screening five fall-sown cover crops for use in organic no-till crop production in the upper Midwest. Agroecology and Sustainable Food Systems, 38: 748-763. DOI: 10.1080/21683565.2014.901275","Silva (2014)"
23,"Daigh, E.L., Helmers, M.J., Kladivko, E., Zhou, X., Goeken, R., Cavdini, J., Barker, D., & Sawyer, J. (2014). Soil water during the drought of 2012 as affected by rye cover crops in fields in Iowa and Indiana. Journal of Soil and Water Conservation, 69(6): 564-573. DOI: 10.2489/jswc.69.6.564","Daigh et al. (2014)"
24,"de Paul Obade, V. & Lal, R. (2014). Soil quality evaluation under different land management practices. Journal of Environmental Earth Sciences, 72: 4531-4549. DOI: 10.1007/s12665-014-3353-z","de Paul Obade & Lal (2014)"
25,"Jarchow, M.E., Liebman, M., Dhungel, S., Dietzel, R., Sundberg, D., Anex, R.P., Thompson, M.L., & Chua, T. (2015). Trade-offs among agronomic, energetic, and environmental performance characteristics of corn and prairie bioenergy cropping systems. Global Change Biology Bioenergy, 7: 57-71. DOI: 10.1111/gcbb.12096","Jarchow et al. (2015)"
26,"Stefani Faé, G., Sulc, R.M., Barker, D.J., Dick, R.P., Eastridge, M.L., & Lorenz, N. (2009). Integrating winter annual forages into a no-till corn silage system. Agronomy Journal, 101: 1286-1296. DOI: 10.2134/agronj2009.0144","Stefani Fae et al. (2009)"
27,"Haruna, S.I., & Nkongolo, N.V. (2015). Effects of tillage, rotation and cover crop on the physical properties of a silt-loam soil. International Agrophysics, 29: 137-145. DOI: 10.1515/intag-2015-0030","Haruna & Nkongolo (2015)"
28,"Pantoja, J.L, Woli, K.P., Sawyer, J.E., & Barker, D.W. (2015). Corn nitrogen fertilization requirement and corn-soybean productivity with a rye cover crop. Soil Science Society of America Journal, 79: 1482-1495. DOI: 10.2136/sssaj2015.02.0084","Pantoja et al. (2015)"
29,"Koch, R.L., Sezen, Z., Porter, P.M., Ragsdale, D.W., Wyckhuys, K.A.G., & Heimpel, G.E. (2015). On-farm evaluation of a fall-seeded rye cover crop for suppression of soybean aphid (Hemiptera: Aphididae) on soybean. Agricultural and Forest Entomology, 17: 239-246. DOI: 10.1111/afe.12099","Koch et al. (2015)"
30,"Daigh, A.L.M, Zhou, X., Helmers, M.J., Pederson, C.H., Horton, R., Jarchow, M., & Liebman, M. (2015). Subsurface drainage nitrate and total reactive phosphorous losses in bioenergy-based prairies and corn systems. Journal of Environmental Quality, 44: 1638-1646. DOI: 10.2134/jeq2015.02.0080","Daigh et al. (2015)"
31,"Miguez, F.E., & Bollero, G.A. (2006). Winter cover crops in Illinois: Evaluation of ecophysiological characteristics of corn. Crop Science, 46(4): 1536-1545. DOI: 10.2135/cropsci2005.09.0306","Miguez & Bollero (2006)"
32,"Blesh, J., & Drinkwater, L.E. (2014). Retention of 15N-labeled fertilizer in an Illinois prairie soil with winter rye. Journal of Soil Biology and Biochemistry, 78: 496-508. DOI: 10.2136/sssaj2013.09.0403","Blesh & Drinkwater (2014)"
33,"Acuna, J.C., & Villamil, M.B. (2014). Short-term effects of cover crops and compaction on soil properties and soybean production in Illinois. Agronomy Journal, 106: 860-870. DOI: 10.2134/agronj13.0370","Acuna & Villamil (2014)"
34,"Ruffo, M.L., Bullock, D.G., & Bollero, G.A (2004). Soybean yield as affected by biomass and nitrogen uptake of cereal rye in winter cover crop rotation. Agronomy Journal, 96(3): 800-805. DOI: 10.2134/agronj2004.0800","Ruffo et al. (2004)"
35,"Andraski, T.W., & Bundy, L.G. (2005). Cover crop effects on corn yield response to nitrogen on an irrigated sandy soil. Agronomy Journal, 97(4): 1239-1244. DOI: 10.2134/agronj2005.0052","Andraski & Bundy (2005)"
36,"Kaspar, T.C., Parkin, T.B., Jaynes, D.B., Cambardella, C.A., Meek, D.W., & Jung, Y.S. (2006). Examining changes in soil organic carbon with oat and rye cover crops using terrain covariates. Soil Science Society of Americal Journal, 70(4): 1168-1177. DOI: 10.2136/sssaj2005.0095","Kaspar et al. (2006)"
37,"Parkin, T.B., & Kaspar, T.C. (2006). Nitrous oxide emissions from corn-soybean systems in the Midwest. Journal of Environmental Quality, 35(4): 1496-1506. DOI: 10.2134/jeq2005.0183","Parkin & Kaspar (2006)"
38,"Dozier, I.A., Behnke, G.D., Davis, A.S., Nafziger, E.D., & Villamil, M.B. (2017). Tillage and cover cropping effects on soil properties and crop production in Illinois. Agronomy Journal, 109: 1261-1270. DOI: 0.2134/agronj2016.10.0613","Dozier et al. (2017)"
39,"Martinez-Feria, R.A., Dietzel, R., Liebman, M., Helmers, M.J., & Sotirios, V.A. (2016). Rye cover crop effects on maize: A system-level analysis. Field Crops Research, 196: 145-159. DOI: 10.1016/j.fcr.2016.06.016","Martinez-Feria et al. (2016)"
40,"Fox, A.F., Kim, T.N., Bahlai, C.A., Woltz, J.M., Gratton, C., & Landis, D.A. (2016). Cover crops have neutral effects on predator communities and biological control services in annual cellulosic bioenergy cropping systems. Agriculture, Ecosystems and Environment, 232: 101-109. DOI: 10.1016/j.agee.2016.07.003","Fox et al. (2016)"
41,"Ruis, S.J., Blanco-Canqui, H., Jasa, P.J., Ferguson, R.B., & Slater, G. (2017). Can cover crop use allow increased levels of corn residue removal for biofuel in irrigated and rainfed systems?. Bioenergy Research, 10: 992-1004. DOI: 10.1007/s12155-017-9858-z","Ruis et al. (2017)"
42,"Cornelius, C.D., & Bradley, K.W. (2017). Influence of various cover crop species on winter and summer annual weed emergence in soybean. Weed Technology, 31: 503-513. DOI: 10.1017/wet.2017.23","Cornelius & Bradley (2017)"
43,"Dunbar, M.W., Gassmann, A.J., & O'Neal, M.E. (2017). Limited impact of a fall-seeded, spring-terminated rye cover crop on beneficial arthropods. Environmental Entomology, 46(2): 284-290. DOI: 10.1093/ee/nvw177","Dunbar et al. (2017)"
44,"Meng, Y., Chua-Ona, T., & Thompson, M.L. (2016). Short-term nitrogen mineralization potential in soils of biofuel cropping systems. Soil Science, 181(11/12): 503-512. DOI: 10.1097/SS.0000000000000187","Meng et al. (2016)"
45,"Negassa, W., Price, R.F., Basir, A., Snapp, S.S., & Kravchenko, A. (2015). Cover crop and tillage systems effect on soil CO2 and N2O fluxes in contrasting topographic positions. Soil & Tillage Research, 154: 64-74. DOI: 10.1016/j.still.2015.06.015","Negassa et al. (2015)"
46,"Chen, S., Wyse, D.L., Johnson, G.A., Porter, P.M., Stetina, S.R., Miller, D.R., Betts, K.J., Klossner, L.D., & Haar, M.J. (2006). Effect of cover crops alfalfa, red clover, and perennial ryegrass on soybean cyst nematode population and soybean and corn yields in Minnesota. Crop Science, 46(5): 1890-1897. DOI: 10.2135/cropsci2005.09-0296","Chen et al. (2006)"
47,"Basche, A.D., Kaspar, T.C., Archontoulis, S.V., Jaynes, D.B., Sauer, T.J., Parkin, T.B., & Miguez, F.E. (2016). Soil water improvements with long-term use of winter rye cover crop. Agricultural Water Management, 172: 40-50. DOI: 10.1016/j.agwat.2016.04.006","Basche et al. (2016)"
48,"Lacey, C. & Armstrong, S. (2014). The efficacy of winter cover crops to stabilize soil inorganic nitrogen after fall-applied anhydrous ammonia. Journal or Environmental Quality, 44: 442-448. DOI: 10.2134/jeq2013.12.0529","Lacey & Armstrong (2014)"
49,"Wen, L., Lee-Marzano, S., Ortiz-Ribbing, L.M., Gruver, J., Hartman, G.L., & Eastburn, D.M. (2017). Suppression of soilborne diseases of soybean with cover crops. Plant Disease, 101: 1918-1928. DOI: 10.1094/PDIS-07-16-1067-RE","Wen et al. (2017)"
50,"Grabber, J.J. & Jokela, W.E. (2012). Off-season groundcover and runoff characteristics of perennial clover and annual grass companion crops for no-till corn fertilized with manure. Journal of Soil and Water Conservation, 68(5): 411-418. DOI: 10.2489/jswc.68.5.411","Grabber & Jokela (2012)"
51,"Kaspar, T.C., & Bakker, M.G. (2015). Biomass production of 12 winter cereal cover crop cultivars and their effect on subsequent no-till corn yield. Journal of Soil and Water Conservation, 70(6): 353-364. DOI: 10.2489/jswc.70.6.353","Kaspar & Bakker (2015)"
52,"Wegner, B.R., Kumar, S., Osborne, S.L., Schumacher, T.E., Vahyala, I.E., & Eynard, A. (2015). Soil response to corn residue removal and cover crops in eastern South Dakota. Soil Science Society of America Journal, 79: 1179-1187. DOI: 10.2136/sssaj2014.10.0399","Wegner et al. (2015)"
53,"Osborne, S.L., Johnson, J.M.F., Jin, V.L., Hammerbeck, A.L., Varvel, G.E., & Schumacher, T.E. (2014). Impact of corn residue removal on soil aggregates and particulate organic matter. Bioenergy Research, 7(2): 559-567. DOI: 10.1007/s12155-014-9413-0","Osborne et al. (2014)"
54,"Rorick, J.D. & Kladivko, E.J. (2017). Cereal rye cover crop effects on soil carbon and physical properties in southeaster Indiana. Journal of Soil and Water Conservation, 72: 260-265. DOI: 10.2489/jswc.72.3.260","Rorick & Kladivko (2017)"
55,"Kessavalou, A. & Walters, D.T. (1997). Winter rye as a cover crop following soybean under conservation tillage. Agronomy Journal, 89: 68-71. DOI: 10.2134/agronj1997.00021962008900010011x","Kessavalou & Walters (1997)"
56,"Power, J.F., Doran, J.W., & Koerner, P.T. (1991). Hairy vetch as a winter cover crop for dryland corn production. Journal of Production Agriculture, 4(1): 62-67. DOI: 10.2134/jpa1991.0062","Power et al. (1991)"
57,"Stute, J.K., & Posner, J.L. (1995). Synchrony between legume nitrogen release and corn demand in the Upper Midwest. Agronomy Journal, 87: 1063-1069. DOI: 10.2134/agronj1995.00021962008700060006x","Stute & Posner (1995)"
58,"Zhu, J.C., Gantzer, C.J., Anderson, S.H., Beuselinck, P.R., & Alberts, E.E. (1991). Water-use evaluation of winter cover crops for no-till soybeans. Journal of Soil and Water Conservation, 46(6): 450-456. DOI: Unavailable","Zhu et al. (1991)"
120,"Shapiro, C., Attia, A., Ulloa, S., & Mainz, M. (2016). Use of five nitrogen source and placement systems for improved nitrogen management of irrigated corn. Soil Science Society of America Journal, 80: 1663-1674. DOI: 10.2136/sssaj2015.10.0363","Shapiro et al. (2016)"
121,"Barker, D.W. & Sawyer, J.E. (2017). Variable rate nitrogen management in corn: Response in two crop rotations. Journal of Soil and Water Conservation, 72(3): 183-190. DOI: 10.2489/jswc.72.3.183","Barker & Sawyer (2017)"
122,"Venterea, R.T., Coulter, J.A., & Dolan, M.S. (2016). Evaluation of intensive ""4R"" strategies for decreasing nitrous oxide emissions and nitrogen surplus in rainfed corn. Journal of Environmental Quality, 45: 1186-1195. DOI: 10.2134/jeq2016.01.0024","Venterea et al. (2016)"
123,"Woli, K.P., Fernandez, F.G., Sawyer, J.D., Stamper, J.D., Mengel, D.B., Barker, D.W., & Hanna, M.H. (2014). Agronomic comparison of anhydrous ammonia applied with a high speed-low draft opener and conventional knife injection in corn. Agronomy Journal, 106: 881-892. DOI: 10.2134/agronj13.0441","Woli et al. (2014)"
124,"Burzaco, J.P., Ciampitti, I.A., & Vyn, T.J. (2014). Nitrapyrin impacts on maize yield and nitrogen use efficiency with spring-applied nitrogen: field studies vs. meta-analysis comparison. Agronomy Journal, 106: 753-760. DOI: 10.2134/agronj2013.0043","Burzaco et al. (2014)"
125,"Fujinuma, R., Venterea, R.T., & Rosen, C. (2011). Broadcast urea reduces N2O but increases NO emissions compared with conventional and shallow-applied anhydrous ammonia in a coarse-textured soil. Journal of Environmental Quality, 40: 1806-1815. DOI: 10.2134/jeq2011.0240","Fujinuma et al. (2011)"
126,"Barker, D.W. & Sawyer, J.E. (2005). Nitrogen application to soybean at early reproductive development. Agronomy Journal, 97(2): 615-619. DOI: 10.2134/agronj2005.0615","Barker & Sawyer (2005)"
127,"Eghball, B., Schepers, J.S., & Schlemmer, M.R. (2003). Spatial and temporal variability of soil nitrate and corn yield: multifractal analysis. Agronomy Journal, 95(2): 339-346. DOI: 10.2134/agronj2003.0339","Eghball et al. (2003)"
128,"Vetsch, J.A. & Randall, G.W. (2004). Corn production as affected by nitrogen application timing and tillage. Agronomy Journal, 96(2): 502-509. DOI: 10.2134/agronj2004.5020","Vetsch & Randall (2004)"
129,"Elmore, R.W. & Ferguson, R.B. (1999). Mid-season stalk breakage in corn: hybrid and environmental factors. Journal of Production Agriculture, 12(2): 293-299. DOI: 10.2134/jpa1999.0293","Elmore & Ferguson (1999)"
130,"Nichues, B.J., Lamond, R.F., Godsey, C.B., & Olsen, C.J. (2004). Starter nitrogen fertilizer management for continuous no-till corn production. Agronomy Journal, 96(5): 1412-1418. DOI: 10.2134/agronj2004.1412","Nichues et al. (2004)"
131,"Anderson, L.L. &  Bullock, D.G. (1998). Variable rate fertilizer application for corn and soybean. Journal of Plant Nutrition, 21(7): 1355-1361. DOI: 10.1080/01904169809365488","Anderson & Bullock (1998)"
132,"Crandall, S.M., Ruffo, M.L., & Bollero, G.A. (2005). Cropping system and nitrogen dynamics under a cereal winter cover crop preceding corn. Plant and Soil, 268: 209-219. DOI: 10.1007/s11104-004-0272-x","Crandall et al. (2005)"
133,"Gehl, R.J., Schmidt, J.P., Maddux, L.D., & Gordon, W.B. (2005). Corn yield response to nitrogen rate and timing in sandy irrigated soils. Agronomy Journal, 97(4): 1230-1238. DOI: 10.2134/agronj2004.0303","Gehl et al. (2005)"
134,"Bermudez, M. & Mallarino, A.P. (2007). Impacts of variable-rate phosphorus fertilization based on dense grid soil sampling on soil-test phosphorus and gran yield of corn and soybean. Agronomy Journal, 99(3): 822-832. DOI: 10.2134/agronj2006.0172","Bermudez & Mallarino (2007)"
135,"Ping, J.L., Ferguson, R.B., & Dobermann, A. (2008). Site-specific nitrogen and plant density management in irrigated maize. Agronomy Journal, 100(4): 1193-1204. DOI: 10.2134/agronj2007.0174","Ping et al. (2008)"
136,"Fernandez, F.G., Venterea, R.T., & Fabrizzi, K.P. (2016). Corn nitrogen management influences nitrous oxide emissions in drained and undrained soils. Journal of Environmental Quality, 45: 1847-1855. DOI: 10.2134/jeq2016.06.0237","Fernandez et al. (2016)"
137,"Pittelkow, C.M., Clover, M.W., Hoeft, R.G., Nafziger, E.D., Warren, J.J., Gonzini, L.C., & Greer, K.D. (2017). Tile drainage nitrate losses and corn yield response to fall and spring nitrogen management. Journal of Environmental Quality, 46: 1057-1064. DOI: 10.2134/jeq2017.03.0109","Pittelkow et al. (2017)"
138,"Killorn, R. & Zourarakis, D. (1992). Nitrogen fertilizer management effects on corn grain yield and nitrogen uptake. Journal of Production Agriculture, 5: 142-148. DOI: 10.2134/jpa1992.0142","Killorn & Zourarakis (1992)"
139,"Timmons, D.R. & Baker, J.L. (1992). Fertilizer management effect on recovery of labeled nitrogen by continuous no-till. Agronomy Journal, 84: 490-496. DOI: 10.2134/agronj1992.00021962008400030026x","Timmons & Baker (1992)"
140,"Eckert, D.J. & Martin, V.L. (1994). Yield and nitrogen requirement of no-tillage corn as influenced by cultural practices. Agronomy Journal, 86: 1119-1123. DOI: 10.2134/agronj1994.00021962008600060036x","Eckert & Martin (1994)"
141,"Jokela, W.E. & Randall, G.W. (1997). Fate of fertilizer nitrogen as affected by time and rate of application on corn. Soil Science Society of America Journal, 61: 1695-1703. DOI: 10.2136/sssaj1997.03615995006100060022x","Jokela & Randall (1997)"
142,"Sims, A.L., Schepers, J.S., Olson, R.A., & Power, J.F. (1998). Irrigated corn yield and nitrogen accumulation response in a comparison of no-till and conventional till: tillage and surface-residue variables. Agronomy Journal, 90: 630-637. DOI: 10.2134/agronj1998.00021962009000050011x","Sims et al. (1998)"
143,"Ferguson, R.B., Hergert, G.W., Schepers, J.S., Gotway, C.A., Cahoon, J.E., & Peterson, T.A. (2002). Site-specific nitrogen management of irrigated maize: yield and soil residual nitrate effects. Soil Science Society of America Journal, 66(2): 544-553. DOI: 10.2136/sssaj2002.0544","Ferguson et al. (2002)"
144,"Randall, G.W., Iragavarapu, T.K., & Bock, B.R. (1997). Nitrogen application methods and timing for corn after soybean in a ridge-tillage system. Journal of Production Agriculture, 10: 300-307. DOI: 10.2134/jpa1997.0300","Randall et al. (1997)"
145,"Hatfield, J.L. & Parkin, T.B. (2014). Enhanced efficiency fertilizers: Effect on agronomic performance of corn in Iowa. Agronomy Journal, 106: 771-780. DOI: 10.2134/agronj2013.0104","Hatfield & Parkin (2014)"
70,"Krupke, C.H., Holland, J.D., Long, E.Y., & Eitzer, B.D (2017). Planting of neonicotinoid-treated maize poses risks for honey bees and other non-target organisms over a wide area without consistent crop yield benefit. Journal of Applied Ecology, 54: 1449-1458. DOI: 10.1111/1365-2664.12924","Krupke et al. (2017)"
71,"Krupke, C.H., Alford, A.M., Cullen, E.M., Hodgson, E.W., Knodel, J.J., McCornack, B., Potter, B.D., Spigler, M.I., Tilmon, K., & Welch, K. (2017). Assessing the value and pest management window provided by neonicotinoid seed treatments for management of soybean aphid (Aphis glycines Matsumura) in the Upper Midwestern United States. Pest Management Science, 73: 2184-2193. DOI: 10.1002/ps.4602","Krupke et al. (2017)"
72,"Regan, K., Ordosch, D., Glover, K.D., Tilmon, K.J., & Szczepaniec A. (2017). Effects of a pyrethroid and two neonicotinoid insecticides on population dynamics of key pests of soybean and abundance of their natural enemies. Crop Protection, 98: 24-32. DOI: 10.1016/j.cropro.2017.03.004","Regan et al. (2017)"
73,"Pataky, J.K., Michener, P.M., Freeman, N.D.,  Hawk, J.A., Weldekidan, T., & Teyker, R.H. (2005). Rates of seed treatment insecticides and control of stewart's wilt in sweet corn. Plant Disease, 89(3): 262-268. DOI: 10.1094/PD-89-0262","Pataky et al. (2005)"
74,"Oloumi-Sadeghi, H., Levine, E., Steffey, K.L., & Gray, M.E. (1992). Black cutworm damage and recovery of corn plants: influence of pyrethroid and organophosphate soil insecticide treatments. Crop Protection, 11: 323-328. DOI: 10.1016/0261-2194(92)90057-C","Oloumi-Sadeghi et al. (1992)"
75,"Bierman, R. E., Riechers, D. E., Sprague, C. L., Bollero, G., & Pedersen W. L. (2006). Fungicide-herbicide interaction in soybean (Glycine max). Crop Protection, 25: 134-139. DOI: 10.1016/j.cropro.2005.03.013 ","Bierman et al. (2006)"
76,"Tinsley, N. A., Steffey, K. L., Estes, R. E., Heeren, J. R., Gray, M. E., & Diers, B. W. (2012). Field-level effects of preventative management tactics on soybean aphids (Aphis glycines Matsumura) and their predators. Journal of Applied Entomology, 136: 361-371. DOI: 10.1111/j.1439-0418.2011.01656.x ","Tinsley et al. (2012)"
77,"Hammond, R. B. & Cooper, R. L.,  (1993). Interaction of planting times following the incorporaiton of a living, green cover crop and control measures on seedcorn maggot populations in soybean. Crop Protection, 12(7): 539-543. DOI: 10.1016/0261-2194(93)90096-2","Hammond & Cooper (1993)"
78,"Morton, C.A., Harvey, R.G., Wedberg, J.L., Kells, J.J., Landis, D.A., & Lueschen, W.E. (1994). Influence of corn rootworm insecticides on response of field corn (Zea mays) to Nicosulfuron. Weed Technology, 8(2): 289-295. DOI: 10.1017/S0890037X00038793","Morton et al. (1994)"
79,"Haile, F.J., Peterson, R.K.D., & Higley, L.G. (1999). Gas-exchange responses of alfalfa and soybean treated with insecticides. Journal of Economic Entomology, 92(4): 954-959. DOI: 10.1093/jee/92.4.954","Haile et al. (1999)"
80,"Frank, D.L., Kurtz, R., Tinsley, N.A., Gassmann, A.J., Meinke, L.J., Moellenbeck, D., Gray, M.E., Bledsoe, L.W., Krupke, C.H., estes, R.E., Weber, P., & Hibbards, B.E. (2015). Effect of seed blends and soil-insecticide on Western and Northern Corn Rootworm emergence from mCry3A + eCry3.1Ab Bt maize. Journal of Economic Entomology, 108(3): 1260-1270. DOI: 10.1093/jee/tov081","Frank et al. (2015)"
81,"Gaspar, A.P., Mitchell, P.D., & Conley, S.P. (2015). Economic risk and profitability of soybean fungicide and insecticide seed treatments at reduced seeding rates. Crop Science, 55: 924-933. DOI: 10.2135/cropsci2014.02.0114","Gaspar et al. (2015)"
82,"Gaspar, A.P., & Conley, S.P. (2015). Responses of canopy reflectance, light interception, and soybean seed yield to replanting suboptimal stands. Crop Science, 55: 377-385. DOI: 10.2135/cropsci2014.03.0200","Gaspar & Conley (2015)"
83,"Gaspar, A.P., Marburger, D.A., Mourtzinis, S., & Conley, S. (2014). Soybean seed yield response to multiple seed treatment components across diverse environments. Agronomy Journal, 106: 1955-1962. DOI: 10.2134/agronj14.0277","Gaspar et al. (2014)"
84,"McCarville, M.T., O'Neal, M.E., Potter, B.D., Tilmon, K.J., Cullen, E.M., McCornack, B.P., Tooker, J.F., & Prischmann-Voldseth, D.A. (2014). One gene versus two: A regional study on the efficacy of single gene versus pyramided resistance for soybean aphid management. Journal of Economic Entomology, 107(4): 1680-1687. DOI: 10.1603/EC14047","McCarville et al. (2014)"
85,"Obopile, M., Hammond, R.B., & Thomison, P.R. (2013). Interaction among planting dates, transgenic maize, seed treatment, corn rootworm damage and grain yield. Journal of Applied Entomology, 137: 45-55. DOI: 10.1111/j.1439-0418.2012.01716.x","Obopile et al. (2013)"
86,"Esker, P.D., & Conley, S.P. (2012). Probability of yield response and breaking even for soybean seed treatments. Crop Science, 52: 351-359. DOI: 10.2135/cropsci2011.06.0311","Esker & Conley (2012)"
87,"Rodriguez-Brljevich, C., Kanobe, C., Shanahan, J.F., & Robertson, A.E. (2010). Seed treatments enhance photosynthesis in maize seedlings by reducing infection with Fusarium spp. and consequent disease development in maize. European Journal of Plant Pathology, 126: 343-347. DOI: 10.1007/s10658-009-9545-9","Rodriguez-Brljevich et al. (2010)"
88,"Johnson, K.D., O'Neal, M.E., Ragsdale, D.W., Difon, C.D., Swinton, S.M., Dixon, P.M., Potter, B.D., Hodgson, E.W., & Costamagna, A.C. (2009). Probability of cost-effective management of soybean aphid (Hemiptera: Aphididae) in North America. Journal of Economic Entomology, 102(6): 2101-2108. DOI: 10.1603/029.102.0613","Johnson et al. (2009)"
89,"Magalhaes, L.C., Hunt, T.E., & Siegfried, B.D. (2009). Efficacy of neonicotinoid seed treatments to reduce soybean aphid populations under field and controlled conditions in Nebraska. Journal of Economic Entomology, 102(1): 187-195. DOI: 10.1603/029.102.0127","Magalhaes et al. (2009)"
90,"Murillo-Williams, A., & Pedersen, P. (2008). Arbuscular mycorrhizal colonization response to three seed-applied fungicides. Agronomy Journal, 100(3): 795-800. DOI: 10.2134/agronj2007.0142","Murillo-Williams & Pedersen (2008)"
91,"Bradley, C.A. (2008). Effect of fungicide seed treatments on stand establishment, seedling disease, and yield of soybean in North Dakota. Plant Disease, 92: 120-125. DOI: 10.1094/ PDIS-92-1-0120","Bradley (2008)"
92,"Wang, D., Kurle, J.E., Estevex de Jensen, C., & Percich, J.A. (2004). Radiometric assessment of tillage and seed treatment effect on soybean root rot caused by Fusarium spp. in central Minnesota. Pland and Soil, 258: 319-331. DOI: 10.1023/B:PLSO.0000016561.58742.93","Wang et al. (2004)"
93,"Bradshaw, J.D., Rice, M.E., & Hill J. H. (2003). Efficacy of pyrethroid and systemic neonicotinoid to manage an insect and pathogen complex. Crop Science & Technology Congress Proceedings, 1: 53-60. DOI: Unavailable","Bradshaw et al. (2003)"
94,"Baird, R.E., Nankam, C., Fallah Moghaddam, P., & Pataky, J.K (1994). Evaluation of seed treatments on Shrunken-2 sweet corn. Plant Disease, 78: 817-821. DOI: 10.1094/PD-78-0817","Baird et al. (1994)"
95,"Bradshaw, J.D., Rice, M.E., & Hill, J.H. (2008). Evaluation of management strategies for bean leaf beetles (Coleoptera: Chrysomelidae) and Bean pod mottle virus (Comoviridae) in soybean. Journal of Economic Entomology, 101(4): 1211-1227. DOI: 10.1093/jee/101.4.1211","Bradshaw et al. (2008)"
96,"Dorrance, A. E., Robertson, A. E., Cianzo, S., Giesler, L. J., Grau, C. R., Draper, M. A., Tenuta, A. U., & Anderson, T. R. (2009). Integrated management strategies for Phytophthora sojae combining host resistance and seed treatments. Plant Disease, 93: 875-882. DOI: 10.1094/ PDIS-93-9-0875","Dorrance et al. (2009)"
150,"Kitur, B.K., Olson, K.R., Siemens, J.C., & Phillips, S.R. (1993). Tillage effects on selected physical properties of Grantsburg silt loam. Communications in Soil Science and Plant Analysis, 24: 1509-1527. DOI: 10.1080/00103629309368895","Kitur et al. (1993)"
151,"Kitur, B.K., Phillips, S.R., Olson, K.R., & Ebelher, S.A. (1994). Tillage effects on selected chemical properties of Gransburg silt loam. Communications in Soil Science and Plant Analysis, 25: 225-246. DOI: 10.1080/00103629409369033","Kitur et al. (1994)"
152,"Hussain, I., Olson, K.R., & Siemens, J.C. (1998). Long-term tillage effects on physical properties of eroded soil. Soil Science, 163(12): 970-981. DOI: 10.1097/00010694-199812000-00007","Hussain et al. (1998)"
153,"Yang, X. & Wander, M.M. (1998). Temporal changes in dry aggregate size and stability: tillage and crop effects on a silty loam Mollisol in Illinois. Soil & Tillage Research, 49: 173-183. DOI: 10.1016/S0167-1987(98)00170-6","Yang & Wander (1998)"
154,"Hussain, I., Olson, K.R., & Ebelhar, S.A. (1999). Impacts of tillage and no-till on production of maize and soybean on an eroded Illinois silt loam soil. Soil & Tillage Research, 52: 37-49. DOI: 10.1016/S0167-1987(99)00054-9","Hussain et al. (1999)"
155,"Hussain, I., Olson, K.R., & Ebelhar, S.A. (1999). Long-term tillage effects on soil chemical properties and organic matter fractions. Soil Science Society of America Journal, 63: 1335-1341. DOI: 10.2136/sssaj1999.6351335x","Hussain et al. (1999)"
156,"Olson, K.R., Lang, J.M., & Ebelhar, S.A. (2005). Soil organic carbon changes after 12 years of no-tillage and tillage of Grantsburg soils in southern Illinois. Soil & Tillage Research, 81: 217-225. DOI: 10.1016/j.still.2004.09.009","Olson et al. (2005)"
157,"Yang, X. & Wander, M.M. (1999). Tillage effects on soil organic carbon distribution and storage in a silt loam soil in Illinois. Soil & Tillage Research, 52: 9-Jan. DOI: 10.1016/S0167-1987(99)00051-3","Yang & Wander (1999)"
158,"Wander, M.M. & Yang, X. (2000). Influence of tillage on the dynamics of losse- and occluded- particulate and humified organic matter fractions. Soil Biology & Biochemistry, 32: 1151-1160. DOI: 10.1016/S0038-0717(00)00031-6","Wander & Yang (2000)"
159,"Zuber, S.M., Behnke, G.D., Nafziger, E.D., & Villamil, M.B. (2015). Crop rotation and tillage effects on soil physical and chemical properties in Illinois. Agronomy Journal, 107(3): 971-978. DOI: 10.2134/agronj14.0465","Zuber et al. (2015)"
160,"Fernandez, F.G., Sorensen, B.A., & Villamil, M.B. (2015). A comparison of soil properties after five years of no-till and strip-till. Agronomy Journal, 107: 1339-1346. DOI: 10.2134/agronj14.0549","Fernandez et al. (2015)"
161,"Cook, R.L. & Trlica, A. (2016). Tillage and fertilizer effects on crop yield and soil properties over 45 years in Southern Illinois. Agronomy Journal, 108: 415-426. DOI: 10.2134/agronj2015.0397","Cook & Trlica (2016)"
162,"Walia, M.K., Baer, S.G., Krausz, R., & Cook, R.L. (2017). Deep soil carbon after 44 years of tillage and fertilizer management in southern Illinois compared to forest and restored prairie soils. Journal of Soil and Water Conservation, 72(4): 405-415. DOI: 10.2489/jswc.72.4.405","Walia et al. (2017)"
163,"Kladivko, E.J., Griffith, D.R., & Mannering, J.V (1986). Conservation tillage effects on soil properties and yield of corn and soya beans in Indiana. Soil & Tillage Research, 8: 277-287. DOI: 10.1016/0167-1987(86)90340-5","Kladivko et al. (1986)"
164,"Andow, D.A. & Ostilie, K.R. (1990). First-generation European Corn Borer (Lepidoptera: Pyralidae) response to three conservation tillage systems in Minnesota. Journal of Economic Entomology, 83(6): 2455-2461. DOI: 10.1093/jee/83.6.2455","Andow & Ostlie (1990)"
165,"Karlen, D.L., Berry, E.C., Colvin, T.S., & Kanwar, R.S. (1991). Twelve?year tillage and crop rotation effects on yields and soil chemical properties in northeast Iowa. Communications in Soil Science and Plant Analysis, 22: 19-20. DOI: 10.1080/00103629109368552","Karlen et al. (1991)"
166,"Cardina, J., Regnier, E., & Harrison, K. (1991). Long-term tillage effects on seed banks in three Ohio soils. Weed Science, 39(2): 186-194. DOI: 10.1017/S0043174500071459","Cardina et al. (1991)"
167,"Lipps, D.E. & Deep, I.W. (1991). Influence of tillage and crop rotation on yield, stalk rot, and recovery of Fusarium and Trichoderma spp. from corn. Plant Disease, 75: 828-833. DOI: 10.1094/PD-75-0828","Lipps & Deep (1991)"
168,"Timmons, D.R. & Baker, J.L. (1991). Recovery of point-injected labeled nitrogen by corn as affected by timing, rate, and tillage. Agronomy Journal, 83: 850-857. DOI: 10.2134/agronj1991.00021962008300050016x","Timmons & Baker (1991)"
169,"Tonhasca, Jr., A. & Stinner, B.R. (1991). Effects of strip intercropping and no-tillage on some pests and beneficial invertebrates of corn in Ohio. Environmental Entomology, 20(5): 1251-1258. DOI: 10.1093/ee/20.5.1251","Tonhasca & Stinner (1991)"
170,"Andow, D.A. (1992). Fate of eggs of first-generation Ostrinia nubilalis (Lepidoptera: Pyralidae) in three conservation tillage systems. Environmental Entomology, 21(1): 388-393. DOI: 10.1093/ee/21.2.388","Andow (1992)"
171,"Kovar, J.L, Barber, S.A., Kladivko, E.J., & Griffith, D.R. (1992). Characterization of soil temperature, water content, and maize root distribution in two tillage systems. Soil & Tillage Research, 24: 27-Nov. DOI: 10.1016/0167-1987(92)90069-N","Kovar et al. (1992)"
172,"Willson, H.R. & Eisley, J.B. (1992). Effects of tillage and prior crop on the incidence of five key pests on Ohio corn. Journal of Economic Entomology, 85(3): 853-859. DOI: 10.1093/jee/85.3.853","Willson & Eisley (1992)"
173,"Erbach, D.C., Benjamin, J.G., Cruse, R.M., Elamin, M.A., Mukhtar, S., & Choi, C.-H. (1992). Soil and corn response to tillage with paraplow. Transactions of the ASAE, 35(5): 1347-1354. DOI: 10.13031/2013.28739","Erbach et al. (1992)"
174,"Brown, R.E., Varvel, G.E., & Shapiro, C.A. (1993). Residual effects of interseeded hairy vetch on soil nitrate-nitrogen levels. Soil Science Society of America Journal, 57: 121-124. DOI: 10.2136/sssaj1993.03615995005700010023x","Brown et al. (1993)"
175,"Gordon, W.B., Rickerl, D.H., Sorensen, D.R., & Wieland, P.K. (1993). Tillage and nitrogen effects on growth, nitrogen content, and yield of corn. Communications in Soil Science and Plant Analysis, 24: 421-441. DOI: 10.1080/00103629309368812","Gordon et al. (1993)"
176,"Mahboubi, A.A., Lal, R., & Faussey, N.R. (1993). Twenty-eight years of tillage effects on two soils in Ohio. Soil Science Society of America Journal, 57: 506-512. DOI: 10.2136/sssaj1993.03615995005700020034x","Mahboubi et al. (1993)"
177,"Owens, L.B. & Edwards, W.M. (1993). Tillage studies with a corn-soybean rotation: surface runoff chemistry. Soil Science Society of America Journal, 57: 1055-1060. DOI: 10.2136/sssaj1993.03615995005700040029x","Owens & Edwards (1993)"
178,"Tonhasca, Jr., A. (1993). Carabid beetle assemblage under diversified agroecosystems. Entomologia Experimentalis et Applicata, 68: 279-285. DOI: 10.1111/j.1570-7458.1993.tb01714.x","Tonhasca (1993)"
179,"Tonhasca, Jr., A. (1994). Response of soybean herbivore to two agronomic practices increasing agroecosystem diversity. Agriculture, Ecosystems and Environment, 48: 57-65. DOI: 10.1016/0167-8809(94)90075-2","Tonhasca (1994)"
180,"Lal, R., Mahboubi, A.A., & Fausey, N.R. (1994). Long-term and rotation effects on properties of a central Ohio soil. Soil Science Society of America Journal, 58: 517-522. DOI: 10.2136/sssaj1994.03615995005800020038x","Lal et al. (1994)"
181,"Joshi, J.R., Moncrief, J.F., Swan, J.B., & Malzer, G.L. (1994). Long-term conservation tillage and liquid dairy manure effects on maize. II. Nitrate concentration in soil water.. Soil & Tillage Research, 31: 225-233. DOI: 10.1016/0167-1987(94)90082-5","Joshi et al. (1994)"
182,"Joshi, J.R., Moncrief, J.F., Swan, J.B., & Burford, P.M. (1994). Long-term conservation tillage and liquid dairy manure effects on maize. I. Nitrogen availability. Soil & Tillage Research, 31: 211-224. DOI: 10.1016/0167-1987(94)90081-7","Joshi et al. (1994)"
183,"Stecker, J.A., Buchholz, D.D., Hanson, R.G., Wollenhaupt, N.C., & McVay, K.A. (1995). Tillage and rotation efffects on corn yield response to fertilizer nitrogen on Aqualf soils. Agronomy Journal, 87: 409-415. DOI: 10.2134/agronj1995.00021962008700030004x","Stecker et al. (1995)"
184,"Iragavarapu, T.K. & Randall, G.W. (1995). Yield and nitrogen uptake of monocropped maize from a long-term tillage experiment on a poorly drained soil. Soil & Tillage Research, 34: 145-156. DOI: 10.1016/0167-1987(95)00470-D","Iragavarapu & Randall (1995)"
185,"West, T.D, Griffith, D.R., Steinhardt, G.C., Kladivko, E.J., & Parsons, S.D. (1996). Effect of tillage and rotation on agronomic performance of corn and soybean: Twenty-year study on dark silty clay loam soil. Journal of Production Agriculture, 9: 241-248. DOI: 10.2134/jpa1996.0241","West et al. (1996)"
186,"Lal, R. (1996). Axle load and tillage effects on crop yields on a Mollic Ochraqualf in Northwest Ohio. Soil & Tillage Research, 37: 143-160. DOI: 10.1016/0167-1987(95)01004-1","Lal (1996)"
187,"Ghidey, F. & Alberts, E.E. (1996). Comparison of measured and WEPP predicted runoff and soil loss for midwest claypan soil. Transactions of the ASAE, 39(4): 1395-1402. DOI: 10.13031/2013.27631","Ghidey & Alberts (1996)"
188,"Weed, D.A.J. & Kanwar, R.S. (1996). Water quality - Nitrate and water present in flowing from root-zone soil. Journal of Environmental Quality, 25: 709-719. DOI: 10.2134/jeq1996.00472425002500040010x","Weed & Kanwar (1996)"
189,"Kessavalou, A. & Walters, D.T. (1997). Winter rye as a cover crop following soybean under conservation tillage. Agronomy Journal, 89: 68-74. DOI: 10.2134/agronj1999.914643x","Kessavalou & Walters (1997)"
190,"Jordan, D., Stecker, J.A., Cacnio-Hubbard, V.N., Li, F., Gantzer, C.J., & Brown, J.R. (1997). Earthworm activity in a no-tillage and conventional tillage systems in Missouri soils: A preliminary study. Soil Biology & Biochemistry, 29(3/4): 489-491. DOI: 10.1016/S0038-0717(96)00038-7","Jordan et al. (1997)"
191,"Gilley, J.E., Doran, J.W., Karlen, D.L., & Kaspar, T.C. (1997). Runoff, erosion, and soil quality characteristics of a former Conservation Reserve Program site. Journal of Soil and Water Conservation, 52(3): 189-193. DOI: Unavailable","Gilley et al. (1997)"
192,"Hammond, R.B. (1997). Long-term conservation tillage studies: impact of no-till on seedcorn maggot (Diptera: Anthomyiidae). Crop Protection, 16(3): 221-225. DOI: 10.1016/S0261-2194(96)00104-4","Hammond (1997)"
193,"Mahboubi, A.A., Lal, R., & Faussey, N.R. (1998). Long-term tillage effects on changes in structural properties of two soils in central Ohio. Soil & Tillage Research, 45: 107-118. DOI: 10.1016/S0933-3630(96)00127-4","Mahboubi & Lal (1998)"
194,"Flowers, M.D. & Lal, R. (1998). Axle load and tillage effects on soil physical properties and soybean grain yields on a mollic ochraqualf in northwest Ohio. Soil & Tillage Research, 48: 21-35. DOI: 10.1016/S0167-1987(98)00095-6","Flowers & Lal (1998)"
195,"Sims, A.L., Schepers, J.S., Olson, R.A., & Power, J.F. (1998). Irrigated corn yield and nitrogen accumulation response in a comparison of no-till and conventional till: tillage and surface-residue variables. Agronomy Journal, 90: 630-637. DOI: 10.2134/agronj1998.00021962009000050011x","Sims et al. (1998)"
196,"Wagai, R., Brye, K.R., Gower, S.T., Norman, J.M., & Bundy, L.G. (1998). Land use and environmental factors influencing soil surface CO2 flux and microbial biomass in natural and managed ecosystems in sourthern Wisconsin. Soil Biology & Biochemistry, 30(12): 1501-1509. DOI: 10.1016/S0038-0717(98)00041-8","Wagai et al. (1998)"
198,"Lueschen, W.E., Evans, S.D., Ford, J.H., Hoverstand, T.R., Kanne, B.K., Orf, J.H., Staricka, J.A., Stienstra, W.C., Warnes, D.D., & Hicks, D.R. (1991). Soybean production as affected by tillage in a corn and soybean management system: I. Cultivar response. Journal of Production Agriculture, 4: 571-579. DOI: 10.2134/jpa1991.0571","Lueschen et al. (1991)"
199,"Lowery, B., Hartwig, R.C., Stoltenberg, D.E., Fermanich, K.J., & McSweeney, K. (1998). Groundwater quality and crop-yield responses to tillage management on a Sparta sand. Soil & Tillage Research, 48: 225-237. DOI: 10.1016/S0167-1987(98)00148-2","Lowery et al. (1998)"
200,"Logsdon, S.D., Kaspar, T.C., & Cambardella (1999). Depth-incremental soil properties under no-till or chisel management. Soil Science Society of America Journal, 63: 197-200. DOI: 10.2136/sssaj1999.03615995006300010028x","Logsdon et al. (1999)"
201,"Workneh, F., Tylka, G.L., Yang, X.B., Faghihi, J., & Ferris, J.M. (1999). Regional assessment of soybean brown stem rot, Phytophthora sojae, and Heterodera glycines using area-frame sampling: Prevalence and effects of tillage. Phytopathology, 89: 204-211. DOI: 10.1094/PHYTO.1999.89.3.204","Workneh et al. (1999)"
202,"Lal, R. (1999). Long-term tillage and wheel traffic effects on soil quality for two central Ohio soils. Journal of Sustainable Agriculture, 14(4): 67-84. DOI: 10.1300/J064v14n04_07","Lal (1999)"
203,"Lal, R. (1999). Soil compaction and tillage effects on soil physical properties of a mollic ochraqualf in northwest Ohio. Journal of Sustainable Agriculture, 14(4): 53-65. DOI: 10.1300/J064v14n04_06","Lal (1999)"
204,"Elmore, R.W. & Ferguson, R.B. (1999). Mid-season stalk breakage in corn: hybrid and environmental factors. Journal of Production Agriculture, 12(2): 293-299. DOI: 10.2134/jpa1999.0293","Elmore & Ferguson (1999)"
205,"Cahoon, J.E., Eisenhauer, D.E., Elmore, R.W., Roeth, F.W., Doupnik, Jr., B., Selley, R.A., Frank, K., Ferguson, R.B., Lorenz, M., & Young, L.J. (1999). Grains and oil crops. Corn yield response to tillage and furrow irrigation. Journal of Production Agriculture, 12: 269-275. DOI: 10.2134/jpa1999.0269","Cahoon et al. (1999)"
206,"Felix, J. & Owen, M.D.K. (1999). Weed population dynamics in land removed from the conservation reserve program. Weed Science, 47: 511-517. DOI: 10.1017/S0043174500092195","Feliz & Owen (1999)"
207,"Workneh, F., Yang, X.B., & Tylka, G.L. (1999). Soybean brown stem rot, Phytophthora sojae, and Heterodera glycines affected by soil texture and tillage relations. Phytopathology, 89: 844-850. DOI: 10.1094/PHYTO.1999.89.10.844","Workneh et al. (1999)"
208,"Marshall, S.D. & Rypstra, A.L. (1999). Patterns in the distribution of two wolf spiders (Araneae: Lycosidae) in two soybean agroecosystems. Environmental Entomology, 28(6): 1052-1059. DOI: 10.1093/ee/28.6.1052","Marshall & Rypstra (1999)"
209,"Marsh, B.H. (1997). Runoff contaminants from reduced tillage systems. Report of Progress 787, : 7-May. DOI: Unavailable","Marsh (1997)"
210,"Lal, R. & Ahmadi, M. (2000). Axle load and tillage effects on crop yield for two soils in central Ohio. Soil & Tillage Research, 54: 111-119. DOI: 10.1016/S0167-1987(00)00087-8","Lal & Ahmadi (2000)"
211,"Clapp, C.E., Allmaras, R.R., Layese, MF., Linden, D.R., & Dowdy, R.H. (2000). Soil organic carbon and 13C abundance as related to tillage, crop residue, and nitrogen fertilization under continuous corn management in Minnesota. Soil & Tillage Research, 55: 127-142. DOI: 10.1016/S0167-1987(00)00110-0","Clapp et al. (2000)"
212,"Linden, D.R., Clapp, C.E., & Dowdy, R.H. (2000). Long-term corn grain and stover yields as a function of tillage and residue removal in east central Minnesota. Soil & Tillage Research, 56: 167-174. DOI: 10.1016/S0167-1987(00)00139-2","Linden et al. (2000)"
213,"Bakhsh, A., Kanwar, R.S., Cambardella, C.A., Colvin, T.S., Moorman, T.B., & Bailey, T.B. (2000). Tillage and nitrogen management effects on crop yield and residual soil nitrate. Transactions of the ASAE, 43(6): 1589-1595. DOI: 10.13031/2013.3059","Bakhsh et al. (2000)"
214,"Gorneau, W.S., Franti, T.G., Benham, B.L., & Comfort, S.D. (2001). Reducing long-term atrazine runoff from south central Nebraska. Transactions of the ASAE, 44(1): 45-52. DOI: 10.13031/2013.2306","Gorneau et al. (2001)"
215,"Chen, S.Y., Stienstra, W.C., Lueschen, W.E., & Hoverstad, T.R. (2001). Response of Heterodera glycines and soybean cultivar to tillage and row spacing. Plant Disease, 85: 311-316. DOI: 10.1094/PDIS.2001.85.3.311","Chen et al. (2001)"
216,"Pikul, Jr., J.L., Carpenter-Boggs, L., Vigil, M., Schumacher, T.E., Lindstrom, M.J., & Riedell, W.E. (2001). Crop yield and soil condition under ridge and chisel-plow tillage in the northern Corn Belt, USA. Soil & Tillage Research, 60: 21-33. DOI: 10.1016/S0167-1987(01)00174-X","Pikul et al. (2001)"
217,"Gavassoni, W.L., Tylka, G.L., & Munkvold, G.P. (2001). Relationships between tillage and spatial patterns of Heterodera glycines. Phytopathology, 91: 534-545. DOI: 10.1094/PHYTO.2001.91.6.534","Gavassoni et al. (2001)"
218,"Shapiro, C.A., Holshouser, D.L., Kranz, W.L., Shelton, D.P., Witkowski, J.F., Jarvi, K.J., Echtenkamp, G.W., Lunz, L.A., Frerichs, R.D., Brentlinger, R.L., Lubberstedt, M.A., McVey McClucksey, M., & Stroup, W.W. (2001). Tillage and management alternatives for returning conservation reserve program land to crops. Agronomy Journal, 93: 850-862. DOI: 10.2134/agronj2001.934850x","Shapiro et al. (2001)"
219,"Hinkel, K.M. (2002). Changes in the thermal and moisture regimes in the plow zone under corn following no-till implementation. Agricultural Practices and Policies for Carbon Sequestration in Soil, Chapter 17. Eds. Kimble, Lal & Follett, : 207-222. DOI: Unavailable","Hinkel (2002)"
220,"Tapela, M. & Colvin, T.S. (2002). Quantifying seedbed condition using soil physical properties. Soil & Tillage Research, 64: 203-210. DOI: 10.1016/S0167-1987(01)00267-7","Tapela & Colvin (2002)"
221,"Brye, K.R., Andraski, T.W., Jarrell, W.M., Bundy, L.G., & Norman, J.M. (2002). Phosphorous leaching under a restored tallgrass prairie and corn agroecosystems. Journal of Environmental Quality, 31(3): 769-781. DOI: 10.2134/jeq2002.7690","Brye et al. (2002)"
222,"Cardina, J., Herms, C.P., & Doohan, D.J. (2002). Crop rotation and tillage system effects on weed seedbanks. Weed Science, 50: 448-460. DOI: 10.1614/0043-1745(2002)050[0448:CRATSE]2.0CO;2","Cardina et al. (2002)"
223,"Bakhsh, A., Kanwar, R.S., Bailey, T.B., Cambardella, C.A., & Karlen, D. (2002). Cropping system effects on N3O3-N loss with subsurface drainage water. Transactions of the ASAE, 45(6): 1789-1797. DOI: 10.13031/2013.11430","Bakhsh et al. (2002)"
224,"Eivazi, F., Bayan, M.R., & Schmidt, K. (2003). Select soil enzyme activities in the historic Sanborn field as affected by long-term cropping systems. Communications in Soil Science and Plant Analysis, 34(15-16): 2259-2275. DOI: 10.1081/CSS-120024062","Eivazi et al (2003)"
225,"Seybold, C.A., Grossman, R.B., & Peirce, F.J. (2003). On-site assessment of use-dependent soil properties in Michigan. Communications in Soil Science and Plant Analysis, 34(5-6): 765-780. DOI: 10.1081/CSS-120018974","Seybold et al. (2003)"
226,"Brye, K.R., Norman, J.M., Gower, S.T., & Bundy, L.G. (2003). Effects of management practices on annual net N-mineralization in a restored prairie and maize agroecosystems. Biogeochemistry, 63: 135-160. DOI: 10.1023/A:1023304130514","Brye et al. (2003)"
227,"Brye, K.R., Norman, J.M., Gower, S.T., & Bundy, L.G. (2003). Methodological limitations and N-budget differences among a restored tallgrass prairie and maize agroecosystems. Agriculture, Ecosystems and Environment, 97: 181-198. DOI: 10.1016/S0167-8809(03)00067-7","Brye et al. (2003)"
228,"Andraski, T.W., Bundy, L.G., & Kilian, K.C. (2003). Manure history and long-term tillage effects on soil properties and phosphorous losses in runoff. Journal of Environmental Quality, 32(5): 1782-1788. DOI: 10.2134/jeq2003.1782","Andraski et al. (2003)"
229,"Pedersen, P. & Lauer, J.G. (2003). Soybean agronomic response to management systems in the upper Midwest. Agronomy Journal, 95: 1146-1151. DOI: 10.2134/agronj2003.1146","Pedersen & Lauer (2003)"
230,"Shukla, M.K., Lal, R., & Ebinger, M. (2003). Tillage effects on physical and hydrological properties of a typic argiaquoll in central Ohio. Soil Science, 168(11): 802-811. DOI: 10.1097/01.ss.0000100470.96182.4a","Shukla et al. (2003)"
231,"Vetsch, J.A. & Randall, G.W. (2004). Corn production as affected by nitrogen application timing and tillage. Agronomy Journal, 96: 502-509. DOI: 10.2134/agronj2004.0502","Vetsch & Randall (2004)"
232,"Wilhelm, W.W. & Wortmann, C.S. (2004). Tillage and rotation interactions for corn and soybean grain yield as affected by precipitation and air temperature. Agronomy Journal, 96: 425-432. DOI: 10.2134/agronj2004.4250","Wilhelm & Wortmann (2004)"
233,"Yin, Xinhua & Al-Kaisi, M.M. (2004). Periodic response of soybean yields and economic returns to long-term no-tillage. Agronomy Journal, 96: 723-733. DOI: 10.2134/agronj2004.0723","Yin & Al-Kaisi (2004)"
234,"Ekenler, M. & Tabatabai, M.A. (2004). Arylamidase and amidohydrolases in soils as affected by liming and tillage systems. Soil & Tillage Research, 77: 157-168. DOI: 10.1016/j.still.2003.12.007","Ekenler & Tabatabai (2004)"
235,"Al-Kaisi, M.M. & Yin, X. (2004). Stepwise time response of corn yield and economic return to no tillage. Soil & Tillage Research, 78: 91-101. DOI: 10.1016/j.still.2004.02.011","Al-Kaisi & Yin (2004)"
236,"Al-Kaisi, M.M. & Licht, M.A. (2004). Effect of strip tillage on corn nitrogen uptake and residual soil nitrate accumulation compared with no-tillage and chisel plow. Agronomy Journal, 96: 1164-1171. DOI: 10.2134/agronj2004.1164","Al-Kaisi & Licht (2004)"
237,"Brye, K.R. & Norman, J.M. (2004). Land-use effects on anion-associated cation leaching in response to above-normal precipitation. acta hydrochemical hydrobiologica, 32: 235-248. DOI: 10.1002/aheh.200300534","Brye & Norman (2004)"
238,"Licht, M.A. & Al-Kaisi, M. (2005). Strip-tillage effect on seedbed soil temperature and other soil physical properties. Soil & Tillage Research, 80: 233-249. DOI: 10.1016/j.still.2004.03.017","Licht & Al-Kaisi (2005)"
239,"Puget, P. & Lal, R. (2005). Soil organic carbon and nitrogen in a Mollisol in central Ohio as affected by tillage and land use. Soil & Tillage Research, 80: 201-213. DOI: 10.1016/j.still.2004.03.018","Puget & Lal (2005)"
240,"Senwo, Z.N. & Tabatabai, M.A. (2005). Aspartase activity of soils under different management systems. Communications in Soil Science and Plant Analysis, 36: 2575-2582. DOI: 10.1080/00103620500257259","Senwo & Tabatabai (2005)"
241,"Al-Kaisi, M.M. & Yin, X. (2005). Tillage and crop residue effects on soil carbon and carbon dioxide emission in corn-soybean rotations. Journal of Environmental Quality, 34: 437-445. DOI: 10.2134/jeq2005.0437","Al-Kaisi & Yin (2005)"
242,"Al-Kaisi, M.M., Yin, X., & Licht, M.A. (2005). Soil carbon and nitrogen changes as influenced by tillage and cropping systems in some Iowa soils. Agriculture, Ecosystems and Environment, 105: 635-647. DOI: 10.1016/j.agee.2004.08.002","Al-Kaisi et al. (2005)"
243,"Liphadzi, K.B., Al-Khatib, K., Bensch, C.N., Stahlman, P.W., Dille, J.A., Todd, T., Rice, C.W., Horak, M.J. & Head, G. (2005). Soil microbial and nematode communities as affected by glyphosate and tillage practices in a glyphosate-resistant cropping system. Weed Science, 53: 536-545. DOI: 10.1614/WS-04-129R1","Liphadzi et al. (2005)"
244,"Al-Kaisi, M.M., Yin, X., & Licht, M.A. (2005). Soil carbon and nitrogen changes as affected by tillage system and crop biomass in a corn-soybean rotation. Applied Soil Ecology, 30: 174-191. DOI: 10.1016/j.apsoil.2005.02.014","Al-Kaisi et al. (2005)"
245,"Mallarino, A.P. & Borges, R. (2006). Phospohorous and potassium distribution in soil following long-term deep-band fertilization in different tillage systems. Soil Science Society of America Journal, 70(2): 702-707. DOI: 10.2136/sssaj2005.0129","Mallarino & Borges (2006)"
246,"McVay, K.A., Budde, J.A., Fabrizzi, K., Mikha, M.M., Rice, C.W., Schlegel, A.J., Peterson, D.E., Sweeney, D.W., & Thompson, C. (2006). Management effects on soil physical properties in long-term tillage studies in Kansas. Soil Science Society of America Journal, 70: 434-438. DOI: 10.2136/sssaj2005.0249","McVay et al. (2006)"
247,"Omonode, R.A., Gal, A., Stott, D.E., Abney, T.S., & Vyn, T.J. (2006). Short-term versus continuous chisel and no-till effects on soil carbon and nitrogen. Soil Science Society of America Journal, 70: 419-425. DOI: 10.2136/sssaj2005.0083","Omonode et al. (2006)"
248,"Kwaw-Mensah, D. & Al-Kaisi, M. (2006). Tillage and nitrogen source and rate effects on corn response in corn-soybean rotation. Agronomy Journal, 98: 507-513. DOI: 10.2134/agronj2005.0177","Kwaw-Mensah & Al-Kaisi (2006)"
249,"Reicosky, D.C. (2002). Long-term effect of moldboar plowing on tillage-induced CO2 loss. Agricultural practices and polices for carbon sequestration in soil (book), : 87-97. DOI: 10.1201/9781420032291.ch8","Reicosky (2002)"
250,"Wairiu, M. & Lal, R. (2006). Tillage and land use effects on soil microporosity in Ohio, USA and Kolombangara, Solomon Islands. Soil & Tillage Research, 88: 80-84. DOI: 10.1016/j.still.2005.04.013","Wairiu & Lal (2006)"
251,"Parkin, T.B. & Kaspar, T.C. (2006). Nitrous oxide emissions from corn-soybean systems in Midwest. Journal of Environmental Quality, 35: 1496-1506. DOI: 10.2134/jeq2005.0183","Parkin & Kaspar (2006)"
252,"Costamagna, A.C. & Landis, D.A. (2006). Predators exert top-down control of soybean aphid across a gradient of agricultural management systems. Ecological Applications, 16(4): 1619-1628. DOI: 10.1890/1051-0761(2006)016[1619:PETCOS]2.0.CO;2","Costamagna & Landis (2006)"
253,"Dolan, M.S., Clapp, C.E., Allmaras, R.R., Baker, J.M., & Molina, J.A.E. (2006). Soil organic carbon and nitrogen in a Minnesota soil as related to tillage, residue and nitrogen management. Soil & Tillage Research, 89: 221-231. DOI: 10.1016/j.still.2005.07.015","Dolan et al. (2006)"
254,"Reicosky, D.C. & Archer, D.W. (2007). Moldboard plow tillage depth and short-term carbon dioxide release. Soil & Tillage Research, 94: 109-121. DOI: 10.1016/j.still.2006.07.004","Reicosky & Archer (2007)"
255,"Bakhsh, A. & Kanwar, R.S. (2007). Tillage and N application rates affect on corn and soybean yields and NO3-N leaching losses. Transactions of the ASABE, 50(4): 1189-1198. DOI: 10.13031/2013.23633","Bakhs & Kanwar (2007)"
256,"Chen, S. & Liu, S. (2007). Effects of tillage and crop sequence on parasitism of Heterodera glycines juveniles by Hirsutella Spp. and on juvenile population density. Nematropica, 37: 93-106. DOI: Unavailable","Chen & Liu (2007)"
257,"Garcia, J.P., Wortmann, C.S., Mamo, M., Drijber, R., & Tarkalson, D. (2007). One-time tillage of no-till: Effects on nutrients, mycorrhizae, and phosphorous uptake. Agronomy Journal, 99(4): 1093-1103. DOI: 10.2134/agronj2006.0261","Garcia et al. (2007)"
258,"Gavassoni, W.L., Tylka, G.L., & Munkvold, G.P. (2007). Effects of tillage practices on dissemination and spatial patterns of Heterodera glycines and soybean yield. Plant Disease, 91: 973-978. DOI: 10.1094/ PDIS-91-8-0973","Gavassoni et al. (2007)"
259,"Omonode, R.A., Vyn, T.J., Smith, D.R., Hegymegi, P., & Gal, A. (2007). Soil carbon dioxide and methane fluxed from long-term tillage systems in continuous corn and corn-soybean rotations. Soil & Tillage Research, 95: 182-195. DOI: 10.1016/j.still.2006.12.004","Omonode et al. (2007)"
260,"Gal, A., Vyn, T.J., Micheli, E., Kladivko, E.J., & McFee, W.W. (2007). Soil carbon and nitrogen accumulation with long-term no-till versus moldboard plowing overestimated with tilled-zone sampling depths. Soil & Tillage Research, 96: 42-51. DOI: 10.1016/j.still.2007.02.007","Gal et al. (2007)"
261,"Al-Kaisi, M. & Kwaw-Mensah. D. (2007). Effect of tillage and nitrogen rate on corn yield and nitrogen and phosphorous uptake in a corn-soybean rotation. Agronomy Journal, 99: 1548-1558. DOI: 10.2134/agronj2007.0012","Al-Kaisi & Kwaw-Mensah (2007)"
262,"Archer, D.W., Jaradat, A.A., Johnson, J.M-F., Weyers, S.L., Gesch, R.W. Forcella, F., & Kludze, H.K. (2007). Crop productivity and economics during the transition to alternative cropping system. Agronomy Journal, 99(6): 1538-1547. DOI: 10.2134/agronj2006.0364","Archer et al. (2007)"
263,"Viswakumar, A., Mullen, R.W., Sundermeiter, A., & Dygert, C.E. (2008). Tillage and nitrogen application methodology impacts on corn grain yield. Journal of Plant Nutrition, 31(11): 1963-1974. DOI: 10.1080/01904160802403102","Viswakumar et al. (2008)"
264,"Blanco-Canqui, H. & Lal, R. (2008). No-tillage and soil-profile carbon sequestration: An on-farm assessment. Soil Science Society of America Journal, 72: 693-701. DOI: 10.2136/sssaj2007.0233","Blanco-Canqui & Lal (2008)"
265,"Dolliver, H. & Gupta, S. (2008). Antiobiotic losses in leaching and surface runoff from manure-amended agricultural land. Journal of Environmental Quality, 37: 1227-1237. DOI: 10.2134/jeq2007.0392","Dolliver & Gupta (2008)"
266,"Abid, M. & Lal, R. (2008). Tillage and drainage impact on soil quality I. Aggregate stability, carbon and nitrogen pools. Soil & Tillage Research, 100: 89-98. DOI: 10.1016/j.still.2008.04.012","Abid & Lal (2008)"
267,"Lamm, F.R., Aiken, R.M., & Abou Kheira, A.A. (2009). Corn yield and water use characteristics as affected by tillage, plant density, and irrigation. Transactions of the ASABE, 52(1): 133-143. DOI: 10.13031/2013.25954","Lamm et al. (2009)"
268,"Christopher, S.F. , Lal, R., & Mishra, U. (2009). Regional study of no-till effects on carbon sequestration in the Midwestern United States. Soil Science Society of America Journal, 73: 207-216. DOI: 10.2136/sssaj2007.0336","Christopher et al. (2009)"
269,"Pikul, Jr., J.L., Carpenter-Boggs, L., Vigil, M., Schumacher, T.E., Lindstrom, M.J., & Riedell, W.E. (2009). Organic matter and water stability of field aggregates affected by tillage in South Dakota. Soil Science Society of America Journal, 73: 197-206. DOI: 10.2136/sssaj2007.0184","Pikul et al. (2009)"
270,"Ussiri, D.A.N. & Lal, R. (2009). Long-term tillage effects on soil carbon storage and carbon dioxide emissions in continuous corn cropping system from an alfisol in Ohio. Soil & Tillage Research, 104: 39-47. DOI: 10.1016/j.still.2008.11.008","Ussiri & Lal (2009)"
271,"Chatterjee, A. & Lal, R. (2009). On farm assessment of tillage impact on soil carbon and associated soil quality parameters. Soil & Tillage Research, 104: 270-277. DOI: 10.1016/j.still.2009.03.006","Chatterjee & Lal (2009)"
272,"Ussiri, D.A.N., Lal, R., & Jarecki, M.K. (2009). Nitrous oxide and methane emissions from long-term tillage under a continuous corn cropping system in Ohio. Soil & Tillage Research, 104: 247-255. DOI: 10.1016/j.still.2009.03.001","Ussiri et al. (2009)"
273,"Blanco-Canqui, H. & Lal, R. (2009). Extent of soil water repellency under long-term no-till soils. Geoderma, 149: 171-180. DOI: 10.1016/j.geoderma.2008.11.036","Blanco-Canqui & Lal (2009)"
274,"Abid, M. & Lal, R. (2009). Tillage and drainage impact on soil quality II. Tensile strength of aggregates, moisture retention and water infiltration. Soil & Tillage Research, 103: 364-372. DOI: 10.1016/j.still.2008.11.004","Abid & Lal (2009)"
275,"Mishra, U., Ussiri, D.A.N., & Lal, Rattan (2010). Tillage effects on soil organic storage and dynamics in Corn Belt of Ohio USA. Soil & Tillage Research, 107: 88-96. DOI: 10.1016/j.still.2010.02.005","Mishra et al. (2010)"
276,"Varvel, G.E. & Wilhelm, W.W. (2010). Long-term soil organic carbon as affected by tillage and cropping systems. Soil Science Society of America Journal, 74(3): 915-921. DOI: 10.2136/sssaj2009.0362","Varvel & Wilhelm (2010)"
277,"Holanda, F.S.R., Pedrotti, A., Mengel, D.B., de Carvalho, J.G., da Silva, T.O., & Mello, Jr., A.V. (2011). Contribution of tillage systems on the organic matter of Gley soil and the productivity of corn and soybean. Semina: Ciências Agrárias, 32(3): 983-993. DOI: 10.5433/1679-0359.2011v32n3p983","Holanda et al. (2011)"
278,"Omonode, R.A., Smith, D.R., Gal, A., & Vyn, T.J. (2011). Soil nitrous oxide emissions in corn following three decades of tillage and rotation treatments. Soil Science Society of America Journal, 75(1): 152-163. DOI: 10.2136/sssaj2009.0147","Omonode et al. (2011)"
279,"Fathelrahman, E.M., Ascough II, J.C., Hoag, D.L., Malone, R.W., & Heilman, P. (2011). Economic and stochastic efficiency comparison of experimental systems in corn and soybean under risk. Experimental Agriculture, 47: 111-136. DOI: 10.1017/S0014479710000979","Fathelrahman et al. (2011)"
280,"Houx III, J.H., Weibold, W.J., & Fritschi, F.B. (2011). Long-term tillage and crop rotation determines the mineral nutrient distributions of some elements in a Vertic Epiaqualf. Soil & Tillage Research, 112: 27-35. DOI: 10.1016/j.still.2010.11.003","Houx et al. (2011)"
281,"Varvel, G.E. & Wilhelm, W.W. (2011). No-tillage increases soil profile carbon and nitrogen under long-term rainfed cropping systems. Soil & Tillage Research, 114: 28-36. DOI: 10.1016/j.still.2011.03.005","Varvel & Wilhelm (2011)"
282,"Venterea, R.T., Maharjan, B., & Dolan, M.S. (2011). Fertilizer source and tillage effects on yield-scaled nitrous oxide emissions in a corn cropping system. Journal of Environmental Quality, 40: 1521-1531. DOI: 10.2134/jeq2011.0039","Venterea et al. (2011)"
283,"Nila Rekha, P., Kanwar, R.S., Nayak, A.K., Hoang, C.K., & Pederson, C.H. (2011). Nitrate leaching to shallow groundwater systems from agricultural fields with different management practices. Journal of Environmental Monitoring, 13: 2550-2558. DOI: 10.1039/c1em10120j","Nila Rekha et al. (2011)"
284,"Sundermeier, A.P., Islam, K.R., Raut, Y., Reeder, R.C., & Dick, W.A. (2011). Continuous no-till impacts on soil biophysical carbon sequestration. Soil Science Society of America Journal, 75(5): 1779-1788. DOI: 10.2136/sssaj2010.0334","Sundermeier et al. (2011)"
285,"Conley, S.P., Gaska, J.M., Pederson, P., & Esker, P. (2011). Soybean yield and Heterodera glycines response to rotation, tillage, and genetic resistance. Agronomy Journal, 103: 1604-1609. DOI: 10.2134/agronj2011.0043","Conley et al. (2011)"
286,"Kumar, S., Kadono, A., Lal, R., & Dick, W. (2012). Long-term tillage and crop rotations for 4749 years influences hydrological properties of two soils in Ohio. Soil Science Society of America Journal, 76: 2195-2207. DOI: 10.2136/sssaj2012.0098","Kumar et al. (2012)"
287,"Al-Kaisi, M.M. & Guzman, J.G. (2013). Effects of tillage and nitrogen rate on decomposition of transgenic Bt and near-isogenic non-Bt maize residue. Soil & Tillage Research, 129: 32-39. DOI: 10.1016/j.still.2013.01.004","Al-Kaisi & Guzman (2013)"
288,"Datta, A., Smith, P., & Lal, R. (2013). Effects of long-term tillage and drainage treatments on greenhouse gas fluxes from a corn field during the fallow period. Agriculture, Ecosystems and Environment, 171: 112-123. DOI: 10.1016/j.agee.2013.03.014","Datta et al. (2013)"
289,"Karlen, D.L., Kovar, J.L., Cambardella, C.A., & Colvin, T.S. (2013). Thirty-year tillage effects on crop yield and soil fertility indicators. Soil & Tillage Research, 130: 24-41. DOI: 10.1016/j.agee.2013.02.003","Karlen et al. (2013)"
290,"Karlen, D.L., Cambardella, C.A., Kovar, J.L., & Colvin, T.S. (2013). Soil quality response to long-term tillage and crop rotation practices. Soil & Tillage Research, 13: 54-64. DOI: 10.1016/j.still.2013.05.013","Karlen et al. (2013)"
291,"Sindelar, A.J., Coulter, J.A., Lamb, J.A., & Vetsch, J.A. (2013). Agronomic responses of continuous corn to stover, tillage, and nitrogen management. Agronomy Journal, 105: 1498-1506. DOI: 10.2134/agronj2013.0181","Sindelar et al. (2013)"
292,"Kumar, S., Nakajima, T., Mbonimpa, E.G., Gautam, S., Somireddy, U.R., Kadono, A., Lal, R., Chintala, R., Rafique, R., & Fausey, N. (2014). Long-term tillage and drainage influences on soil organic carbon dynamics, aggregate stability and corn yield. Soil Science and Plant Nutrition, 60: 108-118. DOI: 10.1080/0038768.2013.878643","Kumar et al. (2014)"
293,"Jacinthe, P.A., Dick, W.A., Lal, R., Shrestha, R.K., & Bilen, S. (2014). Effects of no-till duration on the methane oxidation capacity of Alfisols. Biology and Fertility of Soils, 50: 477-486. DOI: 10.1007/s00374-013-0866-7","Jacinthe et al. (2014)"
294,"Blanco-Canqui, H., Ferguson, R.B., Shapiro, C.A., Drijber, R.A., & Walters, D.T. (2014). Does inorganic nitrogen fertilization improve soil aggregation? Insights from two long-term tillage experiments. Journal of Environmental Quality, 43: 995-1003. DOI: 10.2134/jeq2013.10.0431","Blanco-Canqui et al. (2014)"
295,"Al-Kaisi, M.M., Douelle, A., & Dwaw-Mensah, D. (2014). Soil microaggregate and macroaggregate decay over time and soil carbon change as influenced by different tillage systems. Journal of Soil and Water Conservation, 69(6): 574-580. DOI: 10.2489/jswc.69.9.574","Al-Kaisi et al. (2014)"
296,"Kumar, S., Nakajima, T., Kadona, A., Lal, R., & Fausey, N. (2014). Long-term tillage and drainage influences on greenhouse gas fluxes from a poorly drained soil of central Ohio. Journal of Soil and Water Conservation, 69(6): 553-563. DOI: 10.2489/jswc.69.9.574","Kumar et al. (2014)"
297,"Campbell, B., Chen, L., Dygert, C., & Dick, W. (2014). Tillage and crop rotation impacts on greenhouse gas fluxes from soil at two long-term agronomic experimental sites in Ohio. Journal of Soil and Water Conservation, 69(6): 543-552. DOI: 10.2489/jswc.69.9.543","Campbell et al. (2014)"
298,"Beniston, J.W., Shipitalo, M.J., Lal, R., Dayton, E.A., Hopkins, D.W., Jones, F., Joynes, A., Dungait, J.A.J. (2015). Carbon and macronutrient losses during accelerated erosion under different tillage and residue management. European Journal of Soil Science, 66: 218-225. DOI: 10.1111/ejss.12205","Beniston et al. (2015)"
299,"Sindelar, A.J., Lamb, J.A., & Coulter, J.A. (2015). Short-term stover, tillage, and nitrogen management affect near-surface soil organic matter. Soil Science Society of America Journal, 79: 251-260. DOI: 10.2136/sssaj2014.08.0337","Sindelar et al. (2015)"
300,"Kane, D.A., Snapp, S.S., & Davis, A.S. (2015). Ridge tillage concentrates potentially mineralizable soil nitrogen, facilitating maize nitrogen uptake. Soil Science Society of America Journal, 79: 81-88. DOI: 10.2136/sssaj2014.07.0273","Kane et al. (2015)"
301,"Aziz, I., Bangash, N., Mahmood, T., & Islam, K.R. (2015). Impact of no-till and conventional tillage practices on soil chemical properties. Pakistan Journal of Botany, 47(1): 297-303. DOI: Unavailable","Aziz et al. (2015)"
302,"Tenesaca, C.G. & Al-Kaisi, M.M. (2015). In-field management of corn cob and residue mix: Effect on soil greenhouse gas emissions. Applied Soil Ecology, 89: 59-68. DOI: 10.1016/j.apsoil.2015.01.007","Tenesaca & Al-Kaisi (2015)"
303,"Sindelar, A.J., Coulter, J.A., Lamb, J.A., & Vetsch, J.A. (2015). Nitrogen, stover, and tillage management affect nitrogen use efficiency in continuous corn. Agronomy Journal, 107(3): 843-850. DOI: 10.2134/agronj14.0535","Sindelar et al. (2015)"
304,"Al-Kaisi, M.M., Archontoulis, S.V., Kwaw-Mensah, D., & Miguez, F. (2015). Tillage and crop rotation effects on corn agronomic response and economic return at seven Iowa locations. Agronomy Journal, 107(4): 1411-1424. DOI: 10.2134/agronj14.0470","Al-Kaisi et al. (2015)"
305,"Pantoja, J.L, Woli, K.P., Sawyer, J.E., Barker, D.W., & Al-Kaisi, M. (2015). Stover harvest and tillage system effects on corn response to fertilizer nitrogen. Soil Science Society of America Journal, 79(4): 1249-1260. DOI: 10.2136/sssaj2015.01.0039","Pantoja et al. (2015)"
306,"Villamil, M.B., Little, J., & Nafziger, E.D. (2015). Corn residue, tillage, and nitrogen rate effects on soil properties. Soil & Tillage Research, 151: 61-66. DOI: 10.1016/j.still.2015.03.005","Villamil et al. (2015)"
307,"Villamil, M.B. & Nafziger, E.D. (2015). Corn residue, tillage, and nitrogen rate effects on soil carbon and nutrient stocks in Illinois. Geoderma, 253-254: 61-66. DOI: 10.1016/j.geoderma.2015.04.002","Villamil & Nafziger (2015)"
308,"Sindelar, A.J., Lamb, J.A., Coulter, J.A., Sheaffer, C.C., & Vetsch, J.A. (2015). Nitrogen and tillage management affect corn cellulosic yield composition, and ethanol potential. Bioenergy Research, 8(3): 1284-1291. DOI: 10.1007/s12155-015-9586-1","Sindelar et al. (2015)"
309,"Sindelar, A.J., Schmer, M.R., Jin, V.L., Wienhold, B.J., & Varvel, G.E. (2015). Long-term corn and soybean response to crop rotation and tillage. Agronomy Journal, 107: 2241-2252. DOI: 10.2134/agronj15.0085","Sindelar et al. (2015)"
310,"Negassa, W., Price, R.F., Basir, A., Snapp, S.S., & Kravchenko, A. (2015). Cover crop and tillage systems effect on soil CO2 and N2O fluxes in contrasting topographic positions. Soil & Tillage Research, 154: 64-74. DOI: 10.1016/j.still.2015.06.015","Negassa et al. (2015)"
311,"Varsa, E.C., Chong, S.K., Abolaji, D.A., Farquhar, D.A., & Olsen, F.J. (1997). Effect of deep tillage on soil physical characteristics and corn (Zea mays L.) root growth and production. Soil & Tillage Research, 43: 219-228. DOI: 10.1016/S0167-1987(97)00041-X","Varsa et al. (1997)"
312,"Kibet, L.C., Blanco-Canqui, H., & Jasa, P. (2016). Long-term tillage impacts on soil organic carbon components and related properties on a Typic Argiudoll. Soil & Tillage Research, 155: 78-84. DOI: 10.1016/j.still.2015.05.006","Kibet et al. (2016)"
313,"Marburger, D.A., Mourtzinis, S., Gaska, J.M., & Conley, S.P. (2016). Do crop rotation and tillage influence soybean seed-applied inoculant decisions?. Agronomy Journal, 108: 402-406. DOI: 10.2134/agronj2015.0331","Marburger et al. (2016)"
314,"Nakajima, T. & Lal, R. (2014). Tillage and drainage management effect on soil gas diffusivity. Soil & Tillage Research, 135: 71-78. DOI: 10.1016/j.still.2013.09.003","Nakajima & Lal (2014)"
315,"Haruna, S.I. & Nkongolo, N.V. (2015). Effects of tillage, rotation and cover crop on the physical properties of a silt-loam soil. International Agrophysics, 29: 137-145. DOI: 10.1515/intag-2015-0030","Haruna & Nkongolo (2015)"
316,"Liu, M., Ussiri, D.A.N., & Lal, R. (2016). Soil organic carbon and nitrogen fractions under different land uses and tillage. Communications in Soil Science and Plant Analysis, 47(12): 1528-1541. DOI: 10.1080/00103624.2016.1194993","Liu et al. (2016)"
317,"Al-Kaisi, M.M., Archontoulis, S., & Kwaw-Mensah, D. (2016). Soybean spatiotemporal yield and economic variability as affected by tillage and crop rotation. Agronomy Journal, 108: 14-Jan. DOI: 10.2134/agronj2015.0363","Al-Kaisi et al. (2016)"
318,"Ruan, L. & Robertson, G.P. (2013). Initial nitrous oxide, carbon dioxide, and methane costs of converting conservation reserve program grassland to row crops under no-till vs. convetional tillage. Global Change Biology, 19: 2478-2489. DOI: 10.1111/gcb.12216","Ruan & Robertson (2013)"
319,"Farmer, J.A., Bradley, K.W., Young, B.G., Steckel, L.E., Johnson, W.G., Norsworthy, J.K., Davis, V.M., & Loux, M.M. (2017). Influence of tillage method on management of Amaranthus species in soybean. Weed Technology, 31: 20-Oct. DOI: 10.1614/WT-D-16-00061.1","Farmer et al. (2017)"
320,"Karbo, A., Woodard, H.J., & Bly, A. (2017). Crop production impacts on soil phosphorous removal and soil test levels. Journal of Plant Nutrition, 40(8): 1172-1179. DOI: 10.1080/01904167.2016.1264594","Karbo et al. (2017)"
321,"Lowry, C. & Brainard, D.C. (2017). Rye-vetch spatial arrangement and tillage: Impacts on soil nitrogen and sweet corn roots. Agronomy Journal, 109(3): 1013-1023. DOI: 10.2134/agronj2016.09.0507","Lowry & Brainard (2017)"
322,"Mourtzinis, S., Marburger, D., Gaska, J., Diallo, T., Lauer, J., Conley, S. (2017). Corn and soybean yield response to rillage, rotation, and nematicide seed treatment. Crop Science, 57: 9-Jan. DOI: 10.2135/cropsci2016.09.0792","Mourtzinis et al. (2017)"
323,"Jin, V.L., Schmer, M.R., Stewart, C.E., Sindelar, A.J., & Varvel, G.E. (2017). Long-term no-till and stover retention each decrease the global warming potential of irrigated continuous corn. Global Change Biology, 23(7): 2848-2862. DOI: 10.1111/gcb.13637","Jin et al. (2017)"
324,"Alhameid, A., Ibrahim, M., Kumar, S., Sexton, P., & Schumacher, T.E. (2017). Soil organic carbon changes impacted by crop rotation diversity under no-till farming in South Dakota, USA. Soil Science Society of America Journal, 81(4): 868-877. DOI: 10.2136/sssaj2016.14.0121","Alhameid et al. (2017)"
325,"Blanco-Canqui, H., Wienhold, B.J., Jin, V.L., Schmer, M.R., & Leonard, C.K. (2017). Long-term tillage impact on soil hydraulic properties. Soil & Tillage Research, 170: 38-42. DOI: 10.1016/j.still.2017.03.001","Blanco-Canqui et al. (2017)"
326,"Wander, M.M., Bidart, M.G., & Aref, S. (1998). Tillage impacts on depth distribution of total and particulate organic matter in three Illinois Soils. Soil Science Society of America Journal, 62: 1704-1711. DOI: 10.2136/sssaj1998.03615995006200060031x","Wander et al. (1998)"
